{"stat.cakeSlicesEaten":3,"stat.chestOpened":9,"stat.walkOneCm":70586,"stat.useItem.minecraft.painting":7,"stat.recordPlayed":1,"stat.leaveGame":5,"stat.killEntity.Wolf":5,"stat.killEntity.Ozelot":1,"stat.talkedToVillager":1,"stat.killEntity.PigZombie":4,"stat.jump":97,"stat.swimOneCm":1638,"stat.useItem.minecraft.experience_bottle":60,"stat.fallOneCm":43060,"stat.climbOneCm":884,"stat.entityKilledBy.Skeleton":2,"stat.crouchOneCm":1747,"stat.craftItem.minecraft.iron_ingot":9,"stat.useItem.minecraft.obsidian":17,"stat.sprintOneCm":20692,"achievement.exploreAllBiomes":{"value":0,"progress":["Plains"]},"achievement.openInventory":45,"stat.damageTaken":3963,"stat.killEntity.Spider":1,"stat.mineBlock.minecraft.quartz_block":1,"stat.mineBlock.minecraft.torch":2,"stat.mobKills":26,"stat.mineBlock.minecraft.sandstone_stairs":2,"stat.flyOneCm":47919,"stat.useItem.minecraft.ender_pearl":3,"stat.deaths":12,"stat.drop":13,"stat.playOneMinute":17630,"stat.useItem.minecraft.cake":1,"stat.entityKilledBy.Zombie":1,"stat.damageDealt":5410,"stat.useItem.minecraft.wool":17,"stat.killEntity.Zombie":6,"stat.timeSinceDeath":2206,"stat.killEntity.Guardian":1,"stat.mineBlock.minecraft.jukebox":1,"stat.useItem.minecraft.record_stal":1,"stat.useItem.minecraft.jukebox":1}