{"stat.cakeSlicesEaten":3,"stat.chestOpened":2,"stat.walkOneCm":36661,"stat.recordPlayed":1,"stat.leaveGame":4,"stat.killEntity.Wolf":5,"stat.killEntity.PigZombie":4,"stat.jump":57,"stat.useItem.minecraft.experience_bottle":60,"stat.fallOneCm":20090,"stat.climbOneCm":884,"stat.crouchOneCm":432,"stat.craftItem.minecraft.iron_ingot":9,"stat.useItem.minecraft.obsidian":17,"stat.sprintOneCm":11743,"achievement.exploreAllBiomes":{"value":0,"progress":["Plains"]},"achievement.openInventory":21,"stat.damageTaken":2179,"stat.killEntity.Spider":1,"stat.mineBlock.minecraft.torch":1,"stat.mobKills":19,"stat.flyOneCm":9633,"stat.useItem.minecraft.ender_pearl":3,"stat.deaths":6,"stat.drop":6,"stat.playOneMinute":8210,"stat.useItem.minecraft.cake":1,"stat.damageDealt":4060,"stat.killEntity.Zombie":2,"stat.timeSinceDeath":3139,"stat.killEntity.Guardian":1,"stat.mineBlock.minecraft.jukebox":1,"stat.useItem.minecraft.record_stal":1}