{"stat.cakeSlicesEaten":3,"stat.chestOpened":9,"stat.useItem.minecraft.painting":7,"stat.recordPlayed":2,"stat.leaveGame":10,"stat.killEntity.Slime":1,"stat.killEntity.Ozelot":1,"stat.useItem.minecraft.potion":1,"stat.killEntity.PigZombie":4,"stat.jump":110,"stat.swimOneCm":1638,"stat.useItem.minecraft.experience_bottle":60,"stat.fallOneCm":47587,"stat.climbOneCm":884,"stat.crouchOneCm":2581,"stat.craftItem.minecraft.iron_ingot":9,"stat.useItem.minecraft.obsidian":17,"achievement.exploreAllBiomes":{"value":0,"progress":["Plains"]},"stat.damageTaken":5798,"stat.mineBlock.minecraft.torch":2,"stat.mineBlock.minecraft.sandstone_stairs":2,"stat.flyOneCm":714095,"stat.useItem.minecraft.ender_pearl":3,"stat.entityKilledBy.Zombie":1,"stat.damageDealt":6010,"stat.useItem.minecraft.wool":17,"stat.timeSinceDeath":858,"stat.walkOneCm":86807,"stat.killEntity.Wolf":5,"stat.talkedToVillager":1,"stat.entityKilledBy.Skeleton":2,"stat.sprintOneCm":24203,"achievement.openInventory":59,"stat.killEntity.Spider":1,"stat.mineBlock.minecraft.quartz_block":1,"stat.mobKills":29,"stat.useItem.minecraft.golden_apple":8,"stat.deaths":15,"stat.drop":14,"stat.playOneMinute":22947,"stat.useItem.minecraft.cake":1,"stat.killEntity.Zombie":6,"stat.killEntity.Guardian":1,"stat.mineBlock.minecraft.jukebox":1,"stat.useItem.minecraft.record_stal":2,"stat.useItem.minecraft.jukebox":1}