{"stat.chestOpened":6,"stat.walkOneCm":77969,"stat.useItem.minecraft.stone":94,"stat.leaveGame":2,"stat.useItem.minecraft.cooked_porkchop":2,"stat.talkedToVillager":2,"stat.jump":229,"stat.swimOneCm":2443,"stat.fallOneCm":26748,"stat.climbOneCm":656,"stat.useItem.minecraft.golden_shovel":1,"stat.entityKilledBy.Skeleton":2,"stat.crouchOneCm":2415,"achievement.mineWood":1,"stat.sprintOneCm":38667,"achievement.exploreAllBiomes":{"value":0,"progress":["Plains"]},"achievement.openInventory":27,"stat.damageTaken":3501,"stat.killEntity.Endermite":2,"stat.mobKills":2,"stat.useItem.minecraft.golden_apple":1,"stat.flyOneCm":153275,"stat.deaths":9,"stat.drop":42,"stat.playOneMinute":18392,"stat.useItem.minecraft.ladder":25,"stat.damageDealt":848,"stat.timeSinceDeath":4488,"stat.diveOneCm":417}