{"stat.chestOpened":6,"stat.walkOneCm":131764,"stat.useItem.minecraft.stone":96,"stat.leaveGame":4,"stat.useItem.minecraft.log":1,"stat.useItem.minecraft.cooked_porkchop":3,"stat.useItem.minecraft.ender_chest":2,"stat.talkedToVillager":2,"stat.useItem.minecraft.potion":3,"stat.jump":263,"stat.swimOneCm":2509,"stat.fallOneCm":26954,"stat.climbOneCm":656,"stat.useItem.minecraft.golden_shovel":7,"stat.entityKilledBy.Skeleton":2,"stat.crouchOneCm":2820,"stat.enderchestOpened":1,"achievement.mineWood":2,"stat.sprintOneCm":55683,"achievement.exploreAllBiomes":{"value":0,"progress":["Plains"]},"achievement.openInventory":70,"stat.damageTaken":5976,"stat.killEntity.Endermite":2,"stat.mobKills":2,"stat.useItem.minecraft.golden_apple":4,"stat.useItem.minecraft.anvil":1,"stat.flyOneCm":206089,"stat.deaths":10,"stat.drop":53,"stat.playOneMinute":26596,"stat.useItem.minecraft.ladder":25,"stat.mineBlock.minecraft.glass":1,"stat.damageDealt":1356,"stat.timeSinceDeath":7175,"stat.diveOneCm":757}