{"stat.chestOpened":6,"stat.walkOneCm":168236,"stat.playerKills":5,"stat.useItem.minecraft.stone":96,"stat.leaveGame":5,"stat.useItem.minecraft.log":1,"stat.useItem.minecraft.cooked_porkchop":5,"stat.useItem.minecraft.ender_chest":2,"stat.talkedToVillager":2,"stat.useItem.minecraft.potion":8,"stat.jump":295,"stat.swimOneCm":2522,"stat.fallOneCm":26954,"stat.climbOneCm":656,"stat.useItem.minecraft.golden_shovel":36,"stat.useItem.minecraft.milk_bucket":2,"stat.entityKilledBy.Skeleton":2,"stat.crouchOneCm":4142,"stat.mineBlock.minecraft.wool":2,"stat.enderchestOpened":1,"achievement.mineWood":2,"stat.sprintOneCm":64631,"achievement.exploreAllBiomes":{"value":0,"progress":["Plains"]},"stat.useItem.minecraft.water_bucket":1,"achievement.openInventory":97,"stat.damageTaken":6349,"stat.killEntity.Endermite":2,"stat.mobKills":2,"stat.useItem.minecraft.bucket":1,"stat.useItem.minecraft.golden_apple":4,"stat.useItem.minecraft.anvil":1,"stat.flyOneCm":314874,"stat.deaths":11,"stat.drop":58,"stat.playOneMinute":36155,"stat.useItem.minecraft.ladder":25,"stat.mineBlock.minecraft.glass":3,"stat.damageDealt":6195,"stat.useItem.minecraft.wool":1,"stat.timeSinceDeath":7391,"stat.diveOneCm":757}