{"stat.chestOpened":10,"stat.useItem.minecraft.command_block":21,"stat.useItem.minecraft.glass":9,"stat.walkOneCm":283501,"stat.useItem.minecraft.stone_slab":320,"stat.useItem.minecraft.quartz_block":115,"stat.useItem.minecraft.lever":4,"achievement.openInventory":90,"stat.useItem.minecraft.barrier":299,"stat.useItem.minecraft.repeater":17,"stat.useItem.minecraft.flint_and_steel":17,"stat.leaveGame":1,"stat.damageTaken":2440,"stat.useItem.minecraft.stone_pressure_plate":14,"stat.useItem.minecraft.potion":1,"stat.useItem.minecraft.glowstone":1,"stat.useItem.minecraft.slime":16,"stat.flyOneCm":1408094,"stat.deaths":10,"stat.drop":83,"stat.useItem.minecraft.birch_fence":9,"stat.useItem.minecraft.bedrock":1,"stat.swimOneCm":13441,"stat.jump":548,"stat.playOneMinute":126919,"stat.climbOneCm":2471,"stat.fallOneCm":38807,"stat.useItem.minecraft.redstone":9,"stat.useItem.minecraft.ladder":26,"stat.crouchOneCm":24091,"stat.useItem.minecraft.wool":455,"stat.enderchestOpened":3,"stat.timeSinceDeath":11016,"stat.useItem.minecraft.obsidian":10,"stat.sprintOneCm":68203,"stat.useItem.minecraft.stained_glass":113,"stat.useItem.minecraft.sign":13,"achievement.exploreAllBiomes":{"value":0,"progress":["Plains"]},"stat.diveOneCm":19}