{"stat.chestOpened":11,"stat.cakeSlicesEaten":1,"stat.walkOneCm":81761,"stat.playerKills":2,"stat.useItem.minecraft.lever":1,"stat.useItem.minecraft.stone":61,"stat.leaveGame":3,"stat.useItem.minecraft.ender_chest":2,"stat.talkedToVillager":14,"stat.useItem.minecraft.potion":1,"stat.mineBlock.minecraft.stained_glass":2,"stat.jump":196,"stat.climbOneCm":4061,"stat.fallOneCm":11404,"stat.entityKilledBy.Skeleton":1,"stat.crouchOneCm":2116,"stat.enderchestOpened":2,"stat.sprintOneCm":47631,"achievement.exploreAllBiomes":{"value":0,"progress":["Plains"]},"stat.killEntity.Skeleton":1,"achievement.openInventory":31,"stat.damageTaken":1527,"stat.useItem.minecraft.stone_pressure_plate":6,"stat.useItem.minecraft.golden_pickaxe":1,"stat.tradedWithVillager":16,"stat.mobKills":8,"stat.entityKilledBy.Creeper":1,"stat.flyOneCm":219823,"stat.deaths":5,"stat.drop":4,"stat.playOneMinute":17853,"stat.useItem.minecraft.cake":1,"stat.entityKilledBy.Zombie":2,"stat.useItem.minecraft.ladder":3,"stat.damageDealt":4370,"stat.killEntity.Zombie":6,"stat.timeSinceDeath":469}