{"stat.chestOpened":11,"stat.cakeSlicesEaten":1,"stat.useItem.minecraft.stone":64,"stat.horseOneCm":106,"stat.leaveGame":7,"stat.useItem.minecraft.bookshelf":13,"stat.useItem.minecraft.ender_chest":2,"stat.useItem.minecraft.potion":1,"stat.mineBlock.minecraft.stained_glass":2,"stat.jump":281,"stat.swimOneCm":1808,"stat.climbOneCm":7317,"stat.fallOneCm":50284,"stat.useItem.minecraft.planks":12,"stat.crouchOneCm":4280,"stat.enderchestOpened":2,"achievement.exploreAllBiomes":{"value":0,"progress":["Plains"]},"stat.useItem.minecraft.water_bucket":1,"stat.damageTaken":4916,"stat.useItem.minecraft.golden_pickaxe":1,"stat.tradedWithVillager":16,"stat.flyOneCm":249087,"stat.entityKilledBy.Zombie":2,"stat.killEntity.Villager":1,"stat.damageDealt":120466,"stat.timeSinceDeath":2200,"stat.walkOneCm":118011,"stat.playerKills":3,"stat.useItem.minecraft.lever":1,"stat.entityKilledBy.Rabbit":1,"stat.talkedToVillager":15,"stat.entityKilledBy.Skeleton":2,"stat.sprintOneCm":70652,"stat.killEntity.Skeleton":1,"achievement.openInventory":54,"stat.craftItem.minecraft.planks":12,"stat.killEntity.Chicken":2,"stat.useItem.minecraft.barrier":1,"stat.useItem.minecraft.stone_pressure_plate":6,"stat.killEntity.Endermite":8,"stat.mobKills":19,"stat.useItem.minecraft.bucket":1,"stat.entityKilledBy.Creeper":1,"stat.deaths":9,"stat.drop":15,"stat.playOneMinute":24520,"stat.useItem.minecraft.cake":1,"stat.useItem.minecraft.ladder":4,"stat.killEntity.Zombie":6,"stat.diveOneCm":153}