{"stat.chestOpened":55,"stat.useItem.minecraft.sticky_piston":2,"stat.useItem.minecraft.quartz_block":602,"stat.useItem.minecraft.stone":1,"stat.useItem.minecraft.repeater":21,"stat.leaveGame":16,"stat.useItem.minecraft.ender_chest":2,"stat.useItem.minecraft.heavy_weighted_pressure_plate":15,"stat.useItem.minecraft.carpet":6,"stat.useItem.minecraft.potion":4,"stat.useItem.minecraft.glowstone":1,"stat.useItem.minecraft.bedrock":361,"stat.jump":2306,"stat.swimOneCm":12251,"stat.fallOneCm":4852,"stat.climbOneCm":13061,"stat.crouchOneCm":222814,"stat.enderchestOpened":2,"stat.useItem.minecraft.obsidian":9,"stat.useItem.minecraft.stone_button":32,"achievement.exploreAllBiomes":{"value":0,"progress":["Plains"]},"stat.useItem.minecraft.glass":72,"stat.useItem.minecraft.redstone_lamp":2,"stat.damageTaken":470,"stat.useItem.minecraft.furnace":4,"stat.useItem.minecraft.slime":69,"stat.flyOneCm":3558725,"stat.useItem.minecraft.birch_fence":18,"stat.damageDealt":760,"stat.useItem.minecraft.wool":1808,"stat.timeSinceDeath":36049,"stat.useItem.minecraft.sign":79,"stat.useItem.minecraft.crafting_table":1,"stat.useItem.minecraft.spawn_egg":2,"stat.useItem.minecraft.command_block":157,"stat.walkOneCm":983932,"stat.useItem.minecraft.torch":7,"stat.useItem.minecraft.chest":21,"stat.useItem.minecraft.lever":1,"stat.useItem.minecraft.redstone_block":2,"stat.useItem.minecraft.item_frame":5,"stat.useItem.minecraft.redstone":37,"stat.sprintOneCm":248185,"stat.useItem.minecraft.stained_glass":613,"stat.useItem.minecraft.stone_slab":306,"achievement.openInventory":284,"stat.useItem.minecraft.barrier":691,"stat.killEntity.Chicken":1,"stat.useItem.minecraft.flint_and_steel":1,"stat.useItem.minecraft.wooden_button":10,"stat.useItem.minecraft.stone_pressure_plate":93,"stat.mobKills":11,"stat.deaths":8,"stat.drop":21,"stat.playOneMinute":622957,"stat.useItem.minecraft.ladder":162,"stat.killEntity.Zombie":2,"stat.diveOneCm":6036}